Name,Min,Max,Range
CHG_jobs/omegacsd_CIXTOS,2.73731,13.28032,10.543009999999999
CHG_jobs/astex_1ygc,12.3898,21.89308,9.503280000000002
Neutral_jobs/omegacsd_CNBPCT,1.19641,10.29256,9.09615
Neutral_jobs/omegapdb_1nqv,4.74676,13.69533,8.94857
Neutral_jobs/omegacsd_CIHFAA,2.14305,10.29837,8.15532
Neutral_jobs/omegapdb_1xp0,5.09308,13.09946,8.00638
CHG_jobs/omegacsd_YIHJAA,6.96406,14.91917,7.9551099999999995
Neutral_jobs/astex_1hwi,2.50799,10.17727,7.6692800000000005
Neutral_jobs/omegapdb_1qin,2.91415,10.55639,7.642240000000001
Neutral_jobs/omegapdb_1bhx,2.0685,9.66083,7.5923300000000005
Neutral_jobs/omegapdb_1gse,0.7577,8.32527,7.56757
Neutral_jobs/omegacsd_VORJER,1.23614,8.56522,7.32908
Neutral_jobs/omegapdb_2byh,1.28515,8.46357,7.178420000000001
Neutral_jobs/omegapdb_1nms,2.92957,9.8483,6.91873
CHG_jobs/astex_1mzc,7.0027,13.835,6.832300000000001
Neutral_jobs/astex_1uml,2.8601,9.45153,6.59143
Neutral_jobs/omegapdb_2f14,4.85214,11.38145,6.529309999999999
Neutral_jobs/omegapdb_1l7g,2.10861,8.54272,6.434109999999999
Neutral_jobs/omegacsd_SEFLIY,1.74501,7.91284,6.16783
CHG_jobs/astex_1r1h,8.03056,14.17954,6.14898
Neutral_jobs/omegapdb_1nqu,2.14703,8.23149,6.084460000000001
Neutral_jobs/astex_1hvy,1.94791,7.86984,5.92193
Neutral_jobs/astex_1kzk,1.31533,7.15568,5.84035
Neutral_jobs/omegapdb_2byi,5.28634,10.99798,5.71164
Neutral_jobs/omegapdb_1oks,1.91926,7.61161,5.692349999999999
Neutral_jobs/astex_1t40,0.96913,6.49089,5.5217600000000004
Neutral_jobs/omegapdb_1ezf,1.44466,6.8937,5.44904
Neutral_jobs/omegapdb_1v2k,3.12118,8.55194,5.43076
Neutral_jobs/omegapdb_2f70,1.25803,6.60999,5.35196
Neutral_jobs/omegacsd_PYMSBZ,2.96751,8.29487,5.32736
Neutral_jobs/omegacsd_YUKKUK,2.01626,7.2746,5.2583400000000005
Neutral_jobs/astex_1r55,1.88333,7.13052,5.24719
Neutral_jobs/omegacsd_BIBSEK,0.1448,5.25405,5.10925
Neutral_jobs/omegapdb_1f8b,2.17241,7.27395,5.10154
Neutral_jobs/omegapdb_2iuz,1.53953,6.63522,5.09569
Neutral_jobs/omegapdb_1hwk,1.68152,6.72533,5.04381
Neutral_jobs/omegapdb_1ik4,1.73099,6.73419,5.0032
Neutral_jobs/omegacsd_CBMHZP,0.60936,5.60646,4.9971000000000005
Neutral_jobs/astex_1v48,4.47556,9.42838,4.952820000000001
Neutral_jobs/omegapdb_2j34,2.28385,7.21489,4.931039999999999
Neutral_jobs/omegapdb_1d4i,2.39775,7.32744,4.929690000000001
Neutral_jobs/omegacsd_SAVXOC,3.16651,8.04811,4.881599999999999
CHG_jobs/astex_1t46,9.0918,13.93531,4.84351
Neutral_jobs/omegapdb_2f6v,3.04073,7.87727,4.83654
Neutral_jobs/omegacsd_BUVYIA,0.61807,5.43805,4.819979999999999
Neutral_jobs/astex_1r58,2.2538,7.01913,4.76533
Neutral_jobs/omegacsd_PKOJSI,0.78997,5.51514,4.725169999999999
CHG_jobs/omegacsd_SIHGIZ,11.34065,16.04465,4.704000000000001
Neutral_jobs/omegacsd_YEYVED,4.32625,8.9601,4.633850000000001
CHG_jobs/astex_1q1g,2.4878,7.08432,4.59652
Neutral_jobs/astex_1xoq,0.39983,4.95364,4.55381
Neutral_jobs/omegapdb_1w7x,3.3292,7.87826,4.54906
Neutral_jobs/astex_1sq5,2.28186,6.81605,4.53419
CHG_jobs/omegacsd_PONXUL,6.11577,10.63576,4.519989999999999
CHG_jobs/omegapdb_1w4l,3.55051,8.04712,4.4966099999999996
Neutral_jobs/omegapdb_2j4i,3.77575,8.19491,4.41916
Neutral_jobs/omegacsd_GANFIK,1.22008,5.54971,4.32963
CHG_jobs/omegacsd_VIMYUL,7.45171,11.6962,4.244489999999999
Neutral_jobs/omegacsd_VEMCIZ,1.91776,6.15849,4.240729999999999
Neutral_jobs/omegacsd_PBBSHD,1.3999,5.61764,4.21774
Neutral_jobs/omegacsd_COKSUQ,0.81535,5.03019,4.214840000000001
Neutral_jobs/omegacsd_BENPRL,0.51598,4.72882,4.21284
Neutral_jobs/omegacsd_FOLMEY,1.4561,5.65683,4.20073
CHG_jobs/omegapdb_2fm0,1.1932,5.39094,4.19774
CHG_jobs/omegapdb_1o3m,16.02419,20.21776,4.193569999999998
Neutral_jobs/omegacsd_PNPAUR,3.3018,7.48576,4.18396
Neutral_jobs/omegapdb_1is0,1.88184,6.05038,4.16854
Neutral_jobs/omegapdb_2fqt,2.08455,6.21169,4.12714
CHG_jobs/omegacsd_DIPJAN10,2.99979,7.1227,4.12291
Neutral_jobs/omegapdb_1s63,2.97651,7.09469,4.11818
Neutral_jobs/omegacsd_HEPKUI,2.86891,6.97728,4.108370000000001
CHG_jobs/omegapdb_1o3l,24.97419,29.06513,4.09094
Neutral_jobs/omegacsd_SURREC,0.68831,4.768,4.079689999999999
Neutral_jobs/omegapdb_1ros,3.39964,7.46259,4.062949999999999
Neutral_jobs/omegapdb_1kz8,1.69081,5.74459,4.05378
Neutral_jobs/omegapdb_1dfo,2.60943,6.58358,3.9741500000000003
Neutral_jobs/omegacsd_FOGWAZ,0.88771,4.81882,3.9311099999999994
Neutral_jobs/omegacsd_FABWUA10,0.48074,4.37048,3.8897399999999998
Neutral_jobs/omegacsd_KECDUR,2.30698,6.18789,3.8809100000000005
Neutral_jobs/omegapdb_1ur8,2.09005,5.94693,3.85688
Neutral_jobs/omegacsd_FBPAZD,1.27973,5.08231,3.80258
Neutral_jobs/omegapdb_1sn5,1.16643,4.96317,3.79674
Neutral_jobs/omegapdb_1v2n,2.57289,6.36794,3.79505
Neutral_jobs/astex_1v0p,3.42952,7.21756,3.7880399999999996
Neutral_jobs/omegapdb_1koj,0.81291,4.59346,3.7805500000000003
Neutral_jobs/omegapdb_1t32,3.10657,6.88363,3.77706
Neutral_jobs/omegacsd_CMSMOC,3.14662,6.90829,3.76167
Neutral_jobs/omegacsd_BHMPET,0.17768,3.92989,3.75221
Neutral_jobs/omegacsd_ADPRTR,2.51536,6.229,3.7136400000000003
Neutral_jobs/omegapdb_1xom,2.45442,6.1628,3.70838
Neutral_jobs/omegapdb_1d8d,1.66059,5.33657,3.67598
Neutral_jobs/omegapdb_1yc5,1.54487,5.20769,3.6628200000000004
CHG_jobs/omegapdb_1g4s,4.66964,8.32357,3.65393
Neutral_jobs/omegapdb_1b6l,2.54233,6.15982,3.6174899999999997
Neutral_jobs/omegapdb_2h03,3.38621,7.00216,3.6159499999999998
CHG_jobs/omegacsd_FANRER,12.85966,16.45998,3.6003200000000017
CHG_jobs/astex_1s3v,12.14745,15.73614,3.5886900000000015
Neutral_jobs/omegacsd_BAJZOB10,1.1073,4.62296,3.51566
Neutral_jobs/astex_1k3u,2.51784,6.0297,3.51186
Neutral_jobs/omegacsd_JUDLUP,1.10635,4.6121,3.50575
Neutral_jobs/astex_1w2g,2.51555,6.0112,3.4956499999999995
Neutral_jobs/omegapdb_1uf5,2.04908,5.53956,3.49048
Neutral_jobs/omegacsd_WIFREI,0.94536,4.4266,3.4812399999999997
Neutral_jobs/omegapdb_1urw,6.46319,9.93187,3.46868
Neutral_jobs/omegacsd_PIDWOO,1.81864,5.28317,3.46453
Neutral_jobs/omegapdb_1uu9,2.92188,6.38443,3.4625500000000002
Neutral_jobs/omegapdb_1g6c,1.72071,5.17923,3.4585199999999996
Neutral_jobs/omegapdb_2f4j,5.25345,8.7065,3.45305
Neutral_jobs/astex_1unl,0.8249,4.25576,3.4308600000000005
Neutral_jobs/omegapdb_2fyv,1.04156,4.46332,3.4217600000000004
Neutral_jobs/omegacsd_COYTOZ,2.25519,5.66897,3.41378
Neutral_jobs/omegacsd_TPHPRO,3.88939,7.30085,3.4114599999999995
Neutral_jobs/omegacsd_COYVIV,2.26519,5.65564,3.39045
Neutral_jobs/omegacsd_SLFNMF02,4.03027,7.37813,3.34786
CHG_jobs/omegapdb_2j47,7.72172,11.05063,3.3289099999999996
Neutral_jobs/omegapdb_1ec0,2.5753,5.87334,3.29804
Neutral_jobs/omegapdb_1o2y,3.27093,6.54449,3.27356
Neutral_jobs/omegacsd_PEKCEO,0.61093,3.88302,3.2720900000000004
Neutral_jobs/omegacsd_PMBSAN10,4.09937,7.34865,3.2492799999999997
CHG_jobs/omegapdb_1rf6,2.23244,5.47229,3.23985
Neutral_jobs/omegacsd_COYHUT10,5.55759,8.79634,3.2387500000000005
Neutral_jobs/omegacsd_MATSTA10,8.07711,11.30902,3.231910000000001
Neutral_jobs/omegacsd_COCHOL,0.33615,3.54428,3.20813
Neutral_jobs/omegapdb_2g8n,3.15355,6.33078,3.1772299999999998
Neutral_jobs/omegacsd_HALDOL,1.93512,5.09535,3.16023
Neutral_jobs/omegapdb_1gs5,1.28843,4.43898,3.15055
Neutral_jobs/omegacsd_DUXYOK,4.02522,7.17549,3.15027
Neutral_jobs/omegacsd_ACTHBZ,2.83965,5.97659,3.13694
Neutral_jobs/omegacsd_FABSOQ10,1.65245,4.77985,3.1273999999999997
Neutral_jobs/omegapdb_2ggd,2.97986,6.08154,3.1016800000000004
Neutral_jobs/omegacsd_KOKBIV,0.69631,3.79252,3.09621
Neutral_jobs/omegacsd_HEVRIJ,2.39237,5.48819,3.0958200000000002
CHG_jobs/astex_1sj0,11.44993,14.54469,3.094759999999999
Neutral_jobs/omegacsd_YOWYAK,5.21595,8.29961,3.083659999999999
Neutral_jobs/omegapdb_1d3h,3.51035,6.592,3.08165
Neutral_jobs/omegacsd_VAMBOA,2.76818,5.81871,3.05053
Neutral_jobs/omegacsd_LELROJ,5.29257,8.33208,3.039509999999999
Neutral_jobs/omegapdb_2ewb,2.96124,5.9934,3.03216
Neutral_jobs/omegacsd_VEXROF,2.75859,5.78085,3.02226
Neutral_jobs/omegacsd_JUBGES,0.53178,3.5462,3.01442
CHG_jobs/astex_1oq5,16.83269,19.83965,3.0069599999999994
Neutral_jobs/omegacsd_PCPTZA,1.15433,4.14834,2.9940100000000003
CHG_jobs/omegacsd_FEKYEZ,1.40308,4.39525,2.9921699999999998
Neutral_jobs/omegapdb_1p1o,0.84992,3.80319,2.95327
Neutral_jobs/omegacsd_YAHFAO,4.30724,7.24187,2.9346299999999994
Neutral_jobs/astex_1gkc,2.79736,5.68376,2.8864000000000005
Neutral_jobs/omegacsd_WASTEP,3.0036,5.87248,2.8688800000000003
Neutral_jobs/omegacsd_TAJSEC,3.34868,6.20733,2.85865
Neutral_jobs/omegacsd_LIKBUC,4.03403,6.87844,2.8444100000000008
Neutral_jobs/omegacsd_HEKZAY,4.2935,7.12867,2.8351699999999997
Neutral_jobs/omegapdb_1eby,3.06226,5.89245,2.83019
Neutral_jobs/omegacsd_NADYIA,1.85248,4.6708,2.81832
CHG_jobs/astex_1y6b,6.48588,9.28488,2.7989999999999995
Neutral_jobs/omegacsd_YILDOM,1.49213,4.28829,2.79616
Neutral_jobs/omegacsd_SAVZEU,0.75807,3.5515,2.79343
Neutral_jobs/astex_1nav,2.11268,4.90138,2.7886999999999995
CHG_jobs/astex_1pmn,23.98631,26.74608,2.7597699999999996
Neutral_jobs/omegapdb_2bgd,1.50952,4.26863,2.7591099999999997
CHG_jobs/omegacsd_FOLYIO,7.73295,10.48969,2.7567399999999997
Neutral_jobs/omegacsd_AOPCHY,0.11989,2.86981,2.7499200000000004
Neutral_jobs/omegacsd_COKBOT,3.26169,6.00829,2.7465999999999995
Neutral_jobs/omegacsd_SILTUC,3.2208,5.96722,2.74642
Neutral_jobs/omegacsd_AMPDAM,3.33706,6.07848,2.7414199999999997
Neutral_jobs/omegacsd_QQQHDG10,3.67753,6.39857,2.7210400000000003
Neutral_jobs/omegacsd_VORDAH,5.02047,7.73957,2.719099999999999
Neutral_jobs/omegacsd_MINTSA,3.59576,6.31363,2.71787
CHG_jobs/astex_1ywr,20.29344,22.98209,2.688649999999999
Neutral_jobs/omegacsd_HALSES,2.15798,4.84239,2.68441
Neutral_jobs/omegacsd_LEDWAS,7.62598,10.2986,2.67262
Neutral_jobs/astex_1u1c,2.72917,5.39513,2.66596
Neutral_jobs/omegapdb_1zz2,2.46378,5.11494,2.65116
CHG_jobs/omegacsd_VURTOR,1.00392,3.65296,2.6490400000000003
Neutral_jobs/omegacsd_KEBVES,1.21715,3.85999,2.6428399999999996
Neutral_jobs/omegapdb_2cji,2.86045,5.50077,2.64032
Neutral_jobs/omegapdb_3cbs,2.81667,5.44848,2.63181
Neutral_jobs/omegacsd_YEMNEJ,0.92742,3.54646,2.61904
Neutral_jobs/omegacsd_GIFZAW,2.95388,5.56557,2.6116900000000003
CHG_jobs/astex_1oyt,10.15158,12.75937,2.6077900000000014
CHG_jobs/omegacsd_BAFJEX10,11.02446,13.62761,2.603150000000001
Neutral_jobs/omegacsd_PINSAG,2.73674,5.33156,2.5948199999999995
CHG_jobs/omegapdb_1o2q,15.01695,17.61132,2.5943699999999996
CHG_jobs/astex_1hnn,15.00507,17.57607,2.5710000000000015
Neutral_jobs/omegacsd_PMANAQ,1.18207,3.73448,2.55241
Neutral_jobs/omegacsd_CLPNXA,1.14369,3.6953,2.55161
Neutral_jobs/omegacsd_FAWREA,1.86055,4.40218,2.5416300000000005
Neutral_jobs/omegacsd_KOJMEB,2.61685,5.14641,2.5295600000000005
Neutral_jobs/omegacsd_SORCOR,4.23869,6.76567,2.52698
Neutral_jobs/omegacsd_APRTAM,1.46248,3.97265,2.5101699999999996
CHG_jobs/omegapdb_1nnk,7.52534,10.03144,2.5061
Neutral_jobs/omegacsd_ACENHT,7.00311,9.50252,2.49941
Neutral_jobs/omegacsd_VOXHAR,2.63419,5.13237,2.49818
Neutral_jobs/omegapdb_1d4l,5.79655,8.29391,2.4973600000000005
Neutral_jobs/omegapdb_1zvx,5.11876,7.5904,2.47164
Neutral_jobs/omegacsd_KOFMIB,0.63532,3.09836,2.46304
Neutral_jobs/astex_1hp0,2.69624,5.15588,2.45964
Neutral_jobs/omegapdb_1r6w,1.9889,4.44453,2.45563
Neutral_jobs/omegacsd_COYPIP,1.60747,4.0591,2.4516299999999998
Neutral_jobs/omegacsd_FIJJUD,6.63942,9.0853,2.44588
Neutral_jobs/omegacsd_LEVTOV,2.55116,4.98386,2.4327
Neutral_jobs/omegacsd_LEMXIK,3.47794,5.90367,2.42573
Neutral_jobs/omegacsd_DOLJIX,4.3592,6.78014,2.42094
Neutral_jobs/omegapdb_1pck,4.25211,6.64316,2.39105
Neutral_jobs/omegacsd_HALOPE,2.33151,4.70455,2.37304
Neutral_jobs/omegacsd_PACVUK,3.68518,6.05741,2.37223
CHG_jobs/omegacsd_HEPYAC,5.26663,7.62888,2.3622499999999995
Neutral_jobs/astex_1tz8,0.01659,2.37733,2.3607400000000003
Neutral_jobs/omegacsd_KEJBEG,3.25411,5.61178,2.3576700000000006
Neutral_jobs/omegacsd_DEBBOB,2.55727,4.91183,2.35456
Neutral_jobs/omegacsd_YOSMOI,5.21417,7.55631,2.3421399999999997
Neutral_jobs/omegapdb_1sa4,3.20501,5.54435,2.3393399999999995
Neutral_jobs/omegacsd_GATPOG,1.00771,3.34662,2.3389100000000003
Neutral_jobs/omegacsd_PXMPEN,1.37628,3.70701,2.33073
Neutral_jobs/omegapdb_2btr,4.29154,6.62218,2.33064
Neutral_jobs/omegacsd_CFBPBI,0.44327,2.75167,2.3084
CHG_jobs/astex_1tt1,1.55036,3.85815,2.3077900000000002
Neutral_jobs/omegapdb_1gjd,4.7027,6.97201,2.26931
Neutral_jobs/omegacsd_TAZPUF,2.53836,4.80448,2.26612
Neutral_jobs/omegacsd_KUBHEU,4.46159,6.72582,2.2642299999999995
Neutral_jobs/omegacsd_PXEZSD,3.28288,5.54393,2.2610499999999996
Neutral_jobs/omegacsd_YOWVOV,3.5754,5.83537,2.25997
Neutral_jobs/astex_1n2j,2.93836,5.18369,2.2453300000000005
Neutral_jobs/omegacsd_ABSBPP,4.27194,6.50243,2.2304900000000005
Neutral_jobs/omegapdb_1exa,3.05957,5.27782,2.2182500000000003
Neutral_jobs/omegacsd_BAFYOW,2.5268,4.74139,2.21459
Neutral_jobs/omegapdb_1g2k,4.41412,6.61726,2.2031400000000003
Neutral_jobs/omegacsd_DIAVER,1.24607,3.4278,2.18173
Neutral_jobs/astex_1hq2,6.41642,8.58152,2.1651
Neutral_jobs/omegacsd_BEKDIE,2.42381,4.57473,2.1509199999999997
Neutral_jobs/omegacsd_FAGHIE,4.44373,6.58805,2.1443199999999996
Neutral_jobs/omegapdb_2izl,4.13608,6.27087,2.1347900000000006
Neutral_jobs/omegacsd_CELDEC,2.21781,4.34582,2.1280099999999997
Neutral_jobs/omegapdb_1y6q,5.59845,7.72641,2.12796
Neutral_jobs/omegacsd_YITLES,2.33188,4.44646,2.11458
CHG_jobs/astex_1l7f,4.15188,6.2561,2.1042199999999998
Neutral_jobs/omegacsd_SPIRIL,1.88808,3.99203,2.10395
Neutral_jobs/omegacsd_FLPNTX10,2.75893,4.84839,2.0894600000000003
Neutral_jobs/omegacsd_MVERIQ,3.21201,5.28499,2.07298
Neutral_jobs/omegacsd_FURSEM01,3.55835,5.62727,2.0689200000000003
Neutral_jobs/omegapdb_2f71,1.48361,3.5435,2.0598899999999998
Neutral_jobs/omegacsd_FUGSIJ,3.34563,5.399,2.05337
Neutral_jobs/omegacsd_SIZDOU,3.61558,5.66832,2.0527399999999996
Neutral_jobs/omegacsd_BUDCUY,8.17039,10.20988,2.0394900000000007
Neutral_jobs/omegacsd_NADZIB,2.3719,4.41134,2.03944
Neutral_jobs/omegapdb_1h1s,3.56842,5.6059,2.03748
Neutral_jobs/omegacsd_MICONZ,2.77512,4.8016,2.02648
CHG_jobs/omegacsd_BUSNIM,11.02056,13.03363,2.013070000000001
Neutral_jobs/omegacsd_BUFXOP,0.84295,2.85459,2.01164
Neutral_jobs/omegapdb_1d09,1.73944,3.74913,2.00969
Neutral_jobs/omegapdb_1qnf,7.55028,9.55216,2.0018800000000008
Neutral_jobs/omegacsd_GIHTUM,4.1637,6.15735,1.9936499999999997
Neutral_jobs/omegacsd_WAMZAL,1.71351,3.70655,1.99304
Neutral_jobs/omegacsd_FUNXUH,2.20423,4.17601,1.9717799999999999
Neutral_jobs/omegacsd_DAXKAO,2.0961,4.05723,1.9611299999999998
CHG_jobs/omegacsd_FAJVAN,5.01651,6.97392,1.9574099999999994
Neutral_jobs/astex_1meh,3.43756,5.37837,1.9408100000000004
Neutral_jobs/omegacsd_CIBPEI,2.68293,4.61613,1.9332000000000003
Neutral_jobs/astex_1yvf,4.7376,6.66895,1.9313500000000001
Neutral_jobs/omegacsd_FAXPUP,2.54071,4.4703,1.9295900000000001
Neutral_jobs/omegacsd_BBSPRT10,0.39128,2.31999,1.9287100000000001
Neutral_jobs/omegacsd_PXBVCP10,3.13703,5.03323,1.8961999999999994
CHG_jobs/astex_1mmv,11.44354,13.33873,1.8951899999999995
Neutral_jobs/omegacsd_KEJGEL,5.77917,7.67148,1.8923100000000002
Neutral_jobs/astex_1z95,5.48831,7.38047,1.8921599999999996
CHG_jobs/astex_1lpz,5.43905,7.31465,1.8756000000000004
Neutral_jobs/omegapdb_1wvj,3.57656,5.45187,1.8753100000000003
Neutral_jobs/astex_1p62,5.80046,7.6735,1.8730399999999996
Neutral_jobs/omegacsd_VEYRAS,1.93007,3.7942,1.86413
Neutral_jobs/omegapdb_1gja,2.83036,4.69037,1.8600099999999995
Neutral_jobs/omegapdb_1m2x,2.20156,4.05372,1.85216
Neutral_jobs/omegacsd_AZLNPR,1.17914,3.02525,1.8461100000000001
Neutral_jobs/omegacsd_VIPHOR,2.04743,3.88921,1.84178
Neutral_jobs/omegacsd_CUHNEY10,2.61665,4.43276,1.8161100000000001
Neutral_jobs/omegacsd_PEXJEH,3.11609,4.92213,1.8060400000000003
Neutral_jobs/omegacsd_WEXBEG,5.16207,6.95608,1.79401
Neutral_jobs/omegapdb_1xn0,1.15072,2.93504,1.78432
Neutral_jobs/omegacsd_FEYJEY,2.49174,4.26971,1.7779699999999998
Neutral_jobs/omegacsd_LACPAG,4.16967,5.94037,1.7706999999999997
Neutral_jobs/astex_1g9v,3.65414,5.41666,1.7625200000000003
Neutral_jobs/omegacsd_SLFNMB04,5.75205,7.51419,1.7621400000000005
Neutral_jobs/omegacsd_GAVMIZ,2.08791,3.84266,1.75475
Neutral_jobs/omegapdb_1f06,1.06781,2.8223,1.7544899999999999
Neutral_jobs/omegapdb_1xon,2.23614,3.98859,1.75245
Neutral_jobs/astex_2br1,7.32188,9.07423,1.7523499999999999
Neutral_jobs/omegapdb_2flb,8.38813,10.13732,1.7491900000000005
Neutral_jobs/omegacsd_FHFPBY,1.32616,3.06014,1.73398
Neutral_jobs/omegapdb_1iy7,2.61365,4.34213,1.7284800000000002
Neutral_jobs/omegacsd_VORBAF,3.70422,5.41574,1.7115200000000006
Neutral_jobs/omegacsd_JOTDAX,1.79479,3.50261,1.7078199999999997
Neutral_jobs/omegacsd_YULZOU,0.5577,2.26442,1.7067199999999998
Neutral_jobs/omegacsd_HALJOT,4.63545,6.34194,1.7064900000000005
Neutral_jobs/omegacsd_BEXVOP,2.06195,3.75821,1.69626
Neutral_jobs/astex_1of1,3.20036,4.89215,1.6917900000000001
Neutral_jobs/omegacsd_KOFKUL,1.33698,3.01646,1.6794799999999999
Neutral_jobs/omegacsd_FUDVUV,6.75533,8.43233,1.6770000000000005
Neutral_jobs/omegapdb_2f34,3.83421,5.49829,1.6640799999999998
Neutral_jobs/astex_1n46,1.9621,3.62259,1.6604900000000002
Neutral_jobs/astex_1t9b,6.71887,8.37784,1.658970000000001
Neutral_jobs/omegapdb_1uy8,2.36338,4.02111,1.6577300000000004
Neutral_jobs/omegacsd_DEBBER,1.27826,2.93202,1.6537600000000001
Neutral_jobs/omegacsd_DCLPET,0.23753,1.87795,1.64042
Neutral_jobs/omegacsd_DERZAB,1.37479,3.01162,1.6368300000000002
Neutral_jobs/omegapdb_1hyo,1.38133,3.00433,1.623
Neutral_jobs/omegapdb_2h42,5.41147,7.03398,1.6225100000000001
Neutral_jobs/omegacsd_BESCEH,5.653,7.26608,1.61308
Neutral_jobs/omegapdb_1qxw,1.16311,2.76368,1.6005699999999998
Neutral_jobs/omegacsd_PIKDIW,7.30753,8.90625,1.5987200000000001
CHG_jobs/omegacsd_ABXBPC,13.90078,15.49709,1.5963100000000008
Neutral_jobs/omegapdb_2fwz,2.55641,4.15016,1.5937499999999996
Neutral_jobs/omegacsd_VIBWIM,6.36395,7.95328,1.5893300000000004
Neutral_jobs/astex_2bsm,4.32972,5.91544,1.5857200000000002
Neutral_jobs/omegacsd_COTXUE,1.92243,3.50211,1.57968
Neutral_jobs/omegacsd_SOPNAM,7.15047,8.7227,1.5722299999999994
Neutral_jobs/astex_1l2s,5.11336,6.67903,1.56567
Neutral_jobs/omegapdb_1c1u,5.86937,7.43166,1.56229
Neutral_jobs/omegacsd_CUNTIO,1.42872,2.98268,1.5539600000000002
Neutral_jobs/omegacsd_CEWFUF,1.67236,3.21222,1.5398599999999998
Neutral_jobs/omegacsd_KIXLOS,5.01377,6.55358,1.5398100000000001
Neutral_jobs/omegapdb_2hd6,3.59455,5.13364,1.5390899999999998
CHG_jobs/omegapdb_1pa9,3.41997,4.95052,1.5305499999999999
Neutral_jobs/omegacsd_LACCEX,2.98988,4.5203,1.53042
Neutral_jobs/omegacsd_VAMCUH,4.89469,6.42306,1.5283700000000007
Neutral_jobs/omegacsd_HEPGAK,2.25241,3.77548,1.5230700000000001
Neutral_jobs/omegacsd_CEJTIU,0.87966,2.38671,1.50705
Neutral_jobs/omegacsd_KABJOM,4.81674,6.32335,1.5066099999999993
Neutral_jobs/omegacsd_CBSTHP,1.72114,3.20738,1.4862400000000002
Neutral_jobs/omegacsd_DOHREX,3.41255,4.89562,1.48307
Neutral_jobs/omegapdb_1m5d,3.2159,4.69417,1.4782699999999998
Neutral_jobs/omegacsd_DOTFEX,4.58375,6.0603,1.4765499999999996
Neutral_jobs/omegacsd_FIXNUV,6.0792,7.5478,1.4685999999999995
Neutral_jobs/omegacsd_TEDBUZ,3.23049,4.68926,1.45877
CHG_jobs/omegacsd_YAYDEH,21.16386,22.62225,1.4583900000000014
Neutral_jobs/omegacsd_DAFTOT,1.06822,2.50172,1.4335000000000002
Neutral_jobs/omegacsd_GINKUJ,4.85541,6.28802,1.4326100000000004
Neutral_jobs/omegacsd_KICRIX,4.1105,5.53905,1.4285499999999995
Neutral_jobs/omegacsd_TAPZEP,0.97791,2.39073,1.41282
Neutral_jobs/omegacsd_YABKOB,4.18728,5.59837,1.4110899999999997
Neutral_jobs/omegacsd_YOXDEU,2.19805,3.58188,1.3838300000000001
Neutral_jobs/omegacsd_GIKJOZ,4.53395,5.90819,1.3742400000000004
Neutral_jobs/omegacsd_ABZNPS,4.45751,5.8298,1.3722899999999996
CHG_jobs/omegacsd_WEBCOV,6.10992,7.47611,1.3661900000000005
Neutral_jobs/omegacsd_TAPBZO,3.52528,4.88313,1.3578500000000004
Neutral_jobs/omegacsd_DENBUT,2.29579,3.65026,1.3544699999999996
Neutral_jobs/omegapdb_2iko,2.08161,3.43475,1.3531400000000002
Neutral_jobs/omegacsd_LADTOZ,4.75956,6.11165,1.3520900000000005
Neutral_jobs/omegacsd_BEDLUR,1.85531,3.20343,1.34812
Neutral_jobs/omegapdb_1qy5,2.34059,3.6827,1.34211
Neutral_jobs/omegacsd_CUWRIV,3.77395,5.10922,1.3352699999999995
Neutral_jobs/omegacsd_VIBNID,0.41915,1.73496,1.31581
Neutral_jobs/omegacsd_PMAANO01,1.62754,2.94026,1.3127199999999999
Neutral_jobs/omegacsd_FUNYAO,3.03771,4.33974,1.3020299999999998
Neutral_jobs/omegacsd_DISHOC,1.18429,2.48479,1.3004999999999998
Neutral_jobs/omegacsd_KACKII,1.98008,3.27879,1.2987099999999998
Neutral_jobs/omegapdb_1xqc,2.28977,3.57956,1.28979
Neutral_jobs/omegacsd_CANPUC,6.00041,7.28692,1.2865100000000007
Neutral_jobs/omegapdb_1v97,6.63706,7.92105,1.2839900000000002
Neutral_jobs/omegapdb_1ofd,1.74202,3.00678,1.26476
Neutral_jobs/omegapdb_1utt,3.1613,4.42148,1.2601799999999996
Neutral_jobs/omegacsd_FEWBAK,2.73229,3.98094,1.24865
Neutral_jobs/omegacsd_SOPSIZ,4.49538,5.73573,1.2403500000000003
Neutral_jobs/omegacsd_YINDII,4.31399,5.55012,1.2361299999999993
Neutral_jobs/omegacsd_BUYZIE,4.09849,5.33348,1.2349899999999998
Neutral_jobs/astex_1jje,1.55257,2.77341,1.2208400000000001
Neutral_jobs/omegacsd_MAMNAQ,1.25281,2.45434,1.2015300000000002
Neutral_jobs/omegacsd_VAYXOI,3.26333,4.46421,1.2008799999999997
Neutral_jobs/omegacsd_HEMLOA,1.48311,2.67797,1.1948600000000003
Neutral_jobs/omegacsd_KUHNUW,5.56886,6.76298,1.1941199999999998
Neutral_jobs/omegacsd_MOPBZA,3.16793,4.35387,1.1859399999999996
Neutral_jobs/omegacsd_FIBREN,2.39971,3.57474,1.17503
CHG_jobs/astex_1jd0,7.4928,8.65484,1.1620400000000002
Neutral_jobs/omegacsd_CIJFEG,0.68192,1.84208,1.1601599999999999
Neutral_jobs/omegacsd_GALSEM,5.53029,6.67402,1.1437299999999997
Neutral_jobs/omegacsd_DOPXIP,2.29187,3.42801,1.1361400000000001
Neutral_jobs/omegapdb_1jsl,5.25657,6.3757,1.1191300000000002
Neutral_jobs/omegacsd_BETFAH,4.78051,5.89858,1.1180700000000003
Neutral_jobs/omegacsd_NFCSEY,3.78887,4.90469,1.1158200000000003
Neutral_jobs/omegapdb_2aw1,2.30041,3.40311,1.1027
Neutral_jobs/omegacsd_FANPUF,2.42342,3.51716,1.09374
Neutral_jobs/omegacsd_COZFOM,1.64089,2.73351,1.09262
Neutral_jobs/omegacsd_COVXIU,7.08298,8.17542,1.0924400000000007
Neutral_jobs/omegapdb_1gz8,2.05925,3.13579,1.07654
Neutral_jobs/omegacsd_FEMMAL,2.60462,3.67169,1.0670699999999997
Neutral_jobs/omegacsd_DAWRAU,5.89481,6.96123,1.06642
Neutral_jobs/omegacsd_SFDMOX,6.62228,7.68834,1.0660600000000002
Neutral_jobs/omegacsd_CAVNUI,3.5549,4.618,1.0631000000000004
Neutral_jobs/omegacsd_BEHHOL10,3.76708,4.82496,1.05788
Neutral_jobs/omegacsd_YAHBOY,8.22628,9.27666,1.0503800000000005
Neutral_jobs/omegacsd_SIHDIW,5.14395,6.19133,1.0473799999999995
Neutral_jobs/astex_1yqy,2.93831,3.96592,1.0276100000000001
Neutral_jobs/omegapdb_1q72,1.42205,2.44957,1.02752
CHG_jobs/omegacsd_PEPHEX,3.24968,4.27524,1.02556
Neutral_jobs/omegacsd_CIJVAS,4.3728,5.39262,1.0198200000000002
Neutral_jobs/omegapdb_1fm9,2.10954,3.12894,1.0194
Neutral_jobs/omegacsd_KIFZAA,1.94962,2.96323,1.01361
Neutral_jobs/omegacsd_YOPWOP,4.01916,5.03268,1.0135199999999998
Neutral_jobs/omegapdb_2ayr,4.58416,5.59439,1.01023
Neutral_jobs/omegapdb_1oiu,4.91428,5.91365,0.9993699999999999
Neutral_jobs/omegapdb_2gss,3.70554,4.6945,0.9889599999999996
Neutral_jobs/omegacsd_GAKWIY,4.51286,5.49969,0.9868300000000003
Neutral_jobs/omegacsd_HEJTAR,3.66051,4.64066,0.9801499999999996
Neutral_jobs/omegacsd_YAZBAC,1.85975,2.83729,0.9775399999999999
Neutral_jobs/omegacsd_DAHNIJ,6.67701,7.64311,0.9661
Neutral_jobs/omegacsd_LEZGOM,3.21811,4.17564,0.9575299999999998
Neutral_jobs/omegacsd_KOTGIJ,4.72302,5.67845,0.9554299999999998
Neutral_jobs/omegapdb_1k2u,5.03699,5.9877,0.9507099999999999
Neutral_jobs/astex_1xm6,2.66591,3.61605,0.9501400000000002
Neutral_jobs/omegacsd_WIKJOP,1.72262,2.65679,0.93417
Neutral_jobs/omegacsd_VOXMOK,0.74277,1.67528,0.9325100000000001
Neutral_jobs/omegapdb_1n3z,2.52475,3.45079,0.92604
Neutral_jobs/omegacsd_CIBPOS,2.80076,3.70878,0.90802
Neutral_jobs/omegacsd_PMTSZD,4.42209,5.32804,0.9059499999999998
Neutral_jobs/omegacsd_FUHLID,4.07345,4.97377,0.9003199999999998
Neutral_jobs/omegacsd_PIBSXM,1.72778,2.61475,0.8869699999999998
Neutral_jobs/omegacsd_YICPIJ,3.22212,4.10003,0.8779100000000004
Neutral_jobs/omegacsd_FOBZIF,3.20195,4.07855,0.8765999999999998
Neutral_jobs/omegapdb_1r34,3.09007,3.96632,0.8762500000000002
Neutral_jobs/omegacsd_ANOPPS,4.55087,5.41578,0.8649100000000001
Neutral_jobs/omegacsd_YULXIM,3.42151,4.28182,0.8603099999999997
Neutral_jobs/omegapdb_2f7p,1.59908,2.45422,0.8551399999999998
Neutral_jobs/omegacsd_FIVPUV,3.42047,4.26889,0.84842
Neutral_jobs/omegacsd_WAVTIW,4.61971,5.46529,0.84558
Neutral_jobs/omegacsd_SAGMUI,4.46266,5.30295,0.8402900000000004
Neutral_jobs/omegacsd_HEXYIS,5.02056,5.85032,0.8297600000000003
Neutral_jobs/omegacsd_EPCMPO,4.71766,5.54573,0.8280699999999994
Neutral_jobs/omegacsd_TANNOL,4.01909,4.84293,0.8238399999999997
Neutral_jobs/omegacsd_DANNEL,3.33121,4.15315,0.8219400000000001
Neutral_jobs/omegacsd_PAPPHI,1.48288,2.30425,0.8213700000000002
Neutral_jobs/omegacsd_COKTAX,3.59879,4.4188,0.8200099999999999
Neutral_jobs/omegacsd_VOXNOL,4.95369,5.76605,0.81236
Neutral_jobs/omegacsd_SAVYET,2.86799,3.6696,0.8016100000000002
Neutral_jobs/omegapdb_2bts,4.73124,5.52923,0.7979900000000004
Neutral_jobs/omegacsd_BSBTHP,2.19061,2.98808,0.7974700000000001
Neutral_jobs/omegacsd_LIKMEX,2.4853,3.2813,0.7959999999999998
CHG_jobs/astex_1gm8,9.5836,10.37464,0.7910399999999989
Neutral_jobs/omegacsd_CUJSAB,4.51465,5.30269,0.7880400000000005
Neutral_jobs/omegacsd_FURKEI,2.03717,2.81571,0.77854
Neutral_jobs/omegacsd_YUYJEH,2.11269,2.88909,0.7763999999999998
Neutral_jobs/omegacsd_CENNIS,7.34043,8.1154,0.7749699999999997
Neutral_jobs/omegacsd_DABGUI,6.39068,7.16414,0.77346
Neutral_jobs/omegapdb_1uwc,3.89946,4.66772,0.7682600000000002
CHG_jobs/omegacsd_CALLEG,2.33304,3.09955,0.7665099999999998
CHG_jobs/omegacsd_BATROD,20.69123,21.45395,0.7627199999999981
Neutral_jobs/omegacsd_DIWPUU,0.89375,1.64801,0.7542599999999999
Neutral_jobs/astex_1r9o,0.19507,0.94437,0.7493000000000001
Neutral_jobs/omegacsd_GASXED,5.65002,6.39855,0.7485300000000006
CHG_jobs/astex_1p2y,6.75428,7.4911,0.7368200000000007
Neutral_jobs/omegacsd_FOYLIO,2.91627,3.64711,0.7308400000000002
Neutral_jobs/omegacsd_BIBHID,2.43138,3.1606,0.7292200000000002
CHG_jobs/omegacsd_DUZRAR,6.70035,7.42389,0.7235399999999998
CHG_jobs/astex_1of6,6.26097,6.97609,0.7151199999999998
Neutral_jobs/omegapdb_2cbs,3.47935,4.1929,0.7135499999999997
Neutral_jobs/omegacsd_CMANPQ,5.20602,5.91367,0.7076500000000001
Neutral_jobs/omegapdb_1j3f,0.25089,0.95752,0.7066300000000001
Neutral_jobs/omegapdb_2brc,3.32176,4.02831,0.7065500000000005
CHG_jobs/omegapdb_2aj8,18.64101,19.34475,0.7037399999999998
CHG_jobs/omegacsd_CATXIE,2.67148,3.37056,0.6990799999999999
Neutral_jobs/omegacsd_CMXPMB,2.1208,2.81833,0.69753
CHG_jobs/astex_1ia1,8.6094,9.2904,0.6809999999999992
Neutral_jobs/omegacsd_SOWCOW,1.08112,1.76,0.6788799999999999
CHG_jobs/astex_1vcj,8.79356,9.4635,0.6699400000000004
Neutral_jobs/omegacsd_GIHWUP,4.86221,5.53177,0.6695599999999997
Neutral_jobs/omegapdb_1xap,2.51399,3.18064,0.6666499999999997
Neutral_jobs/omegacsd_BAFREF,7.08312,7.74835,0.6652300000000002
Neutral_jobs/omegacsd_SIHDES,6.19906,6.86366,0.6646000000000001
Neutral_jobs/omegacsd_CPQZOL,5.06503,5.72613,0.6611000000000002
Neutral_jobs/omegacsd_WELGAV,8.60191,9.26073,0.6588200000000004
CHG_jobs/astex_1ig3,7.90229,8.55023,0.6479400000000011
Neutral_jobs/omegacsd_SIHVUA,3.23268,3.88011,0.64743
Neutral_jobs/omegacsd_KIHWED,4.80979,5.45636,0.6465700000000005
Neutral_jobs/omegacsd_CODYUP10,1.74094,2.38436,0.6434200000000001
Neutral_jobs/omegacsd_DUPKII,1.67328,2.30925,0.6359699999999999
Neutral_jobs/omegacsd_EBTNIC,8.69752,9.33278,0.6352599999999988
Neutral_jobs/omegacsd_PBYXCH,2.33051,2.94717,0.61666
Neutral_jobs/omegapdb_1yc1,1.89719,2.51265,0.6154599999999999
Neutral_jobs/omegacsd_KINJIA,0.92632,1.53925,0.61293
Neutral_jobs/omegapdb_1e2m,6.16065,6.76563,0.6049799999999994
Neutral_jobs/omegacsd_LINLAV,1.35028,1.95517,0.6048900000000001
Neutral_jobs/omegapdb_2evc,3.83125,4.43141,0.6001599999999998
Neutral_jobs/omegacsd_VOWXEK,2.48202,3.07024,0.5882200000000002
Neutral_jobs/omegacsd_KAVNOK,2.70101,3.28492,0.5839099999999999
CHG_jobs/omegacsd_CYCLIZ10,11.72907,12.3088,0.5797299999999996
Neutral_jobs/omegacsd_SINKUV,3.09379,3.66927,0.5754800000000002
CHG_jobs/omegacsd_GEKWAU,9.47101,10.04321,0.5722000000000005
Neutral_jobs/omegacsd_HADLAZ,2.69833,3.25792,0.55959
Neutral_jobs/omegacsd_PMPAIN,2.33237,2.88976,0.5573899999999998
Neutral_jobs/omegacsd_BAXOZO,2.35817,2.9134,0.5552300000000003
Neutral_jobs/omegacsd_LETBAN,4.07413,4.622,0.5478699999999996
Neutral_jobs/omegacsd_GIHKAJ,5.81922,6.36607,0.5468500000000001
Neutral_jobs/omegacsd_LAXWEM,2.55085,3.09692,0.5460699999999998
Neutral_jobs/omegacsd_JUVPAR,6.99851,7.54165,0.5431400000000002
Neutral_jobs/omegacsd_SEMXEN,3.1788,3.71183,0.5330300000000001
CHG_jobs/omegapdb_1gj6,14.67362,15.20518,0.5315600000000007
Neutral_jobs/omegacsd_YAZHUC,3.06699,3.59849,0.5314999999999999
Neutral_jobs/omegacsd_BZAPCX10,6.76554,7.29126,0.5257200000000006
Neutral_jobs/omegapdb_1d3g,1.34975,1.86717,0.51742
Neutral_jobs/omegacsd_DOXANN,2.45377,2.96068,0.50691
Neutral_jobs/omegacsd_JUDWEK,3.11804,3.62422,0.5061800000000001
Neutral_jobs/omegacsd_FURACM,3.66781,4.17391,0.5061000000000004
Neutral_jobs/omegacsd_DCTXAN,0.00189,0.50587,0.5039800000000001
Neutral_jobs/omegapdb_1w1q,1.95043,2.4509,0.5004699999999997
Neutral_jobs/omegacsd_VUSKID,2.30401,2.80224,0.49822999999999995
Neutral_jobs/omegacsd_DADDUH,0.01705,0.51503,0.49798
Neutral_jobs/omegacsd_NBPENC,7.67806,8.17592,0.4978599999999993
CHG_jobs/omegapdb_1o37,16.51363,17.00448,0.4908500000000018
Neutral_jobs/omegacsd_ABIMAZ,6.25186,6.7294,0.4775400000000003
Neutral_jobs/omegacsd_BUHNIB,3.42458,3.89955,0.4749699999999999
Neutral_jobs/omegacsd_YESPIV,3.86425,4.33625,0.47199999999999953
Neutral_jobs/omegapdb_1q91,3.10782,3.5785,0.4706800000000002
CHG_jobs/omegacsd_SAGWOM,4.44675,4.91413,0.46738000000000035
Neutral_jobs/omegapdb_1w9u,3.30303,3.76539,0.4623599999999999
Neutral_jobs/omegacsd_KIHWAZ,5.26239,5.72471,0.46232000000000006
Neutral_jobs/omegapdb_1uf8,2.50682,2.96874,0.4619200000000001
Neutral_jobs/omegacsd_CEKNOV,0.00282,0.46134,0.45852
CHG_jobs/omegacsd_KEMHOZ,4.15042,4.60688,0.45645999999999987
Neutral_jobs/omegacsd_CIHJAE,2.68471,3.13429,0.4495800000000001
Neutral_jobs/omegacsd_WESFOP,2.13319,2.57587,0.4426800000000002
Neutral_jobs/omegacsd_YENLEI,1.52599,1.96627,0.44028
Neutral_jobs/omegacsd_DEBFAR,4.48519,4.92518,0.4399899999999999
Neutral_jobs/omegacsd_HEVXEL,1.72311,2.15464,0.4315300000000002
Neutral_jobs/omegacsd_HBFRAN,3.23029,3.65897,0.42867999999999995
Neutral_jobs/omegapdb_1h1p,2.57162,2.9993,0.42768000000000006
Neutral_jobs/omegacsd_CNINDO,7.80637,8.23084,0.42447000000000035
Neutral_jobs/omegacsd_MTBPNP,5.30877,5.72807,0.4192999999999998
Neutral_jobs/omegacsd_KAVLIC,2.32803,2.74689,0.41886
Neutral_jobs/omegacsd_KOFLOG,0.69936,1.11631,0.41694999999999993
Neutral_jobs/omegacsd_CIDSIR,4.91782,5.33465,0.41683000000000003
Neutral_jobs/omegacsd_BUNFUL,5.14972,5.56003,0.41030999999999995
Neutral_jobs/omegacsd_MRMPYR,2.13194,2.54048,0.4085399999999999
Neutral_jobs/omegacsd_CLPHAC,3.0375,3.44594,0.4084399999999997
Neutral_jobs/omegapdb_2c4w,5.77654,6.17954,0.40300000000000047
Neutral_jobs/omegacsd_FOMDUG,1.57493,1.97293,0.39800000000000013
Neutral_jobs/omegacsd_LIKGIV,4.98415,5.38185,0.3977000000000004
Neutral_jobs/astex_1sg0,2.94267,3.33956,0.39688999999999997
CHG_jobs/omegacsd_WIDDIW,5.82241,6.21698,0.39457000000000075
CHG_jobs/astex_1uou,13.1924,13.58625,0.3938500000000005
Neutral_jobs/omegapdb_1s8j,0.22785,0.60857,0.38072000000000006
Neutral_jobs/omegacsd_ACPIXZ,3.69768,4.06998,0.3723000000000001
Neutral_jobs/omegacsd_DUZDAD,7.28032,7.64287,0.3625500000000006
Neutral_jobs/omegapdb_1xge,3.74233,4.10269,0.36036
Neutral_jobs/omegacsd_BUTDID,7.35554,7.71375,0.3582099999999997
Neutral_jobs/omegacsd_HAVRUR,5.50918,5.86065,0.35146999999999995
CHG_jobs/omegapdb_1r4p,5.42815,5.77934,0.3511900000000008
CHG_jobs/omegacsd_FEVZUB,5.21897,5.55872,0.33975000000000044
Neutral_jobs/omegapdb_1h2k,4.12873,4.4638,0.33507
Neutral_jobs/omegacsd_FPAMCA,2.59364,2.92403,0.33038999999999996
Neutral_jobs/astex_1ke5,4.50214,4.83156,0.3294199999999998
Neutral_jobs/omegapdb_1uf7,2.35542,2.68009,0.3246699999999998
Neutral_jobs/omegacsd_FUHHAR,3.16464,3.48859,0.32394999999999996
Neutral_jobs/omegacsd_DAKGEB,5.37071,5.69178,0.32106999999999974
Neutral_jobs/omegacsd_DUHSUU,5.94814,6.26882,0.3206799999999994
Neutral_jobs/omegapdb_1yvx,4.99795,5.31363,0.3156799999999995
Neutral_jobs/omegacsd_GEBJOM,4.41689,4.73156,0.31466999999999956
Neutral_jobs/omegacsd_FAHTUD,5.61353,5.91986,0.30633
Neutral_jobs/omegacsd_JUKZUK,2.75226,3.05693,0.3046699999999998
Neutral_jobs/omegacsd_KUFPIK,1.34732,1.64963,0.30230999999999986
Neutral_jobs/omegacsd_EHMPYX10,1.1895,1.49176,0.30226
Neutral_jobs/omegapdb_1bto,3.92261,4.22306,0.3004500000000001
Neutral_jobs/omegacsd_FAHXIV,1.23769,1.53592,0.29823
CHG_jobs/omegacsd_GALMOV,22.56292,22.8585,0.29558000000000106
CHG_jobs/omegacsd_AURMIN,1.094,1.38645,0.2924499999999999
Neutral_jobs/astex_1tow,2.79594,3.08754,0.2916000000000003
Neutral_jobs/omegacsd_BZAPUC20,0.68493,0.97474,0.28981
Neutral_jobs/omegacsd_LABLOP,7.6291,7.91279,0.28369
Neutral_jobs/omegacsd_PIDSIE,2.84679,3.12745,0.28066000000000013
Neutral_jobs/omegacsd_PTHPAL,1.21069,1.49071,0.28001999999999994
Neutral_jobs/astex_1xoz,1.62061,1.89459,0.2739799999999999
Neutral_jobs/omegacsd_CPPHAM,5.58423,5.85555,0.2713200000000002
Neutral_jobs/omegapdb_1syh,3.73529,4.00307,0.26778000000000013
Neutral_jobs/omegacsd_CLPTBU,0.43841,0.7058,0.26738999999999996
Neutral_jobs/omegacsd_LEKMET,5.90681,6.16774,0.2609300000000001
CHG_jobs/omegacsd_DIZREJ,5.76474,6.02486,0.2601200000000006
Neutral_jobs/omegacsd_DAFVUB,0.71235,0.97243,0.26008
CHG_jobs/omegacsd_TAZXAT,6.20538,6.46332,0.2579400000000005
Neutral_jobs/omegacsd_PEBHAF,2.96507,3.21987,0.2547999999999999
CHG_jobs/omegacsd_TEKBIU,25.99595,26.25064,0.2546900000000001
Neutral_jobs/omegacsd_CUSLUX,3.33961,3.59106,0.2514500000000002
Neutral_jobs/omegacsd_ABVPRO,3.25535,3.50428,0.2489300000000001
Neutral_jobs/astex_1n2v,3.08537,3.33307,0.24770000000000003
Neutral_jobs/omegacsd_SIFJIA,5.23239,5.47392,0.24153000000000002
Neutral_jobs/omegacsd_HATKES,4.78654,5.02448,0.23794000000000004
CHG_jobs/astex_1n1m,5.23917,5.47478,0.23561000000000032
Neutral_jobs/omegacsd_VUGDEG,2.81952,3.05109,0.23157000000000005
Neutral_jobs/omegacsd_PNBPIP,5.54112,5.77068,0.22955999999999932
Neutral_jobs/omegapdb_1yc4,3.01107,3.24031,0.2292399999999999
CHG_jobs/omegacsd_FUPFIF,12.41321,12.64156,0.22835000000000072
CHG_jobs/astex_1owe,23.56279,23.79068,0.2278899999999986
Neutral_jobs/omegacsd_DUDNUL,0.23981,0.46459,0.22478
Neutral_jobs/astex_1v4s,3.51837,3.73596,0.21758999999999995
Neutral_jobs/omegacsd_CABCUD,4.64545,4.85794,0.21248999999999985
Neutral_jobs/omegacsd_FUMBOE,4.5894,4.80113,0.2117299999999993
Neutral_jobs/omegacsd_EITDZL,1.94045,2.15049,0.21004
Neutral_jobs/omegacsd_WEVTIA,0.13679,0.3462,0.20941
Neutral_jobs/omegacsd_KAXXAI,1.44702,1.65383,0.20680999999999994
Neutral_jobs/omegacsd_FAVYEG,2.53365,2.73617,0.2025199999999998
Neutral_jobs/omegacsd_KOFLIA,1.27977,1.48084,0.20106999999999986
Neutral_jobs/omegacsd_VADTAV,0.26965,0.46964,0.19999
Neutral_jobs/omegacsd_YOPRAW,3.52023,3.71911,0.19887999999999995
Neutral_jobs/astex_1opk,3.14632,3.34422,0.1979000000000002
Neutral_jobs/omegacsd_GASPUL,4.36143,4.55773,0.19629999999999992
Neutral_jobs/astex_1m2z,5.06314,5.24913,0.18599000000000032
CHG_jobs/omegacsd_HEVJAT,6.31743,6.5012,0.18377
Neutral_jobs/omegacsd_GEJLAI,4.31075,4.49381,0.18306000000000022
Neutral_jobs/astex_1jla,3.01913,3.19792,0.17878999999999978
Neutral_jobs/omegapdb_1m5f,2.17881,2.35752,0.17871000000000015
Neutral_jobs/omegacsd_FUJRUX,3.08253,3.25992,0.17738999999999994
Neutral_jobs/omegacsd_HECHEC,1.54775,1.7251,0.17735000000000012
Neutral_jobs/omegacsd_AMOCMS10,4.73308,4.90739,0.1743100000000002
Neutral_jobs/omegacsd_CMXPYO,2.36657,2.54049,0.1739200000000003
Neutral_jobs/omegacsd_BELWOE,3.77841,3.94586,0.1674500000000001
Neutral_jobs/omegacsd_ANTZOB,1.64201,1.80816,0.16615000000000002
Neutral_jobs/omegacsd_DUDPAT,2.05301,2.21865,0.1656399999999998
Neutral_jobs/omegacsd_PMEPEN,2.74584,2.91143,0.16559000000000035
Neutral_jobs/omegacsd_MBZTZT10,4.65568,4.81978,0.16409999999999947
Neutral_jobs/omegacsd_DECZIU,1.5087,1.66925,0.16054999999999997
Neutral_jobs/omegacsd_PILCOC,1.80858,1.96718,0.15859999999999985
Neutral_jobs/omegacsd_CIXFIY,3.59594,3.75105,0.15511000000000008
Neutral_jobs/omegacsd_FUSZOI,2.00522,2.1592,0.15397999999999978
Neutral_jobs/omegacsd_SEYPUH,2.4663,2.61459,0.14829000000000025
Neutral_jobs/omegapdb_1m5b,5.74426,5.89205,0.14779000000000053
Neutral_jobs/omegacsd_CPYPTZ,2.65916,2.80693,0.14776999999999996
Neutral_jobs/omegacsd_CMAPTX,1.13487,1.28199,0.14711999999999992
Neutral_jobs/omegacsd_ABHYTZ,5.40342,5.54799,0.14457000000000075
CHG_jobs/omegacsd_SUKPET,0.81794,0.96232,0.14437999999999995
Neutral_jobs/omegacsd_HEHVOF,3.02805,3.1698,0.14175000000000004
Neutral_jobs/omegacsd_VOPDIN,3.88541,4.02272,0.13730999999999982
Neutral_jobs/omegacsd_ECBHMP,1.49316,1.62921,0.13605
CHG_jobs/astex_2bm2,4.14344,4.27892,0.13548000000000027
Neutral_jobs/omegacsd_HAVLUL,3.01185,3.14442,0.1325700000000003
Neutral_jobs/omegacsd_MLDPHE10,0.02265,0.15415,0.1315
Neutral_jobs/omegacsd_LERKAU,5.5992,5.73053,0.13133000000000017
Neutral_jobs/omegacsd_LANXED,4.03619,4.16655,0.1303599999999996
Neutral_jobs/omegacsd_GEHKIN,3.99892,4.12848,0.12955999999999968
Neutral_jobs/omegacsd_FUCFIS,4.52967,4.65734,0.12766999999999928
Neutral_jobs/omegacsd_EXOADN,2.49077,2.61814,0.12736999999999998
Neutral_jobs/omegacsd_FIWLUS,8.40233,8.52812,0.1257900000000003
Neutral_jobs/omegacsd_CEVTUS,2.5701,2.69554,0.12543999999999977
CHG_jobs/omegapdb_1n2b,4.35754,4.48265,0.1251099999999994
Neutral_jobs/omegacsd_GEJJUA,2.33543,2.45978,0.12434999999999974
CHG_jobs/omegacsd_SAWZUL,2.90927,3.03285,0.12358000000000002
CHG_jobs/omegacsd_CAGXEN,6.19202,6.31415,0.1221299999999994
Neutral_jobs/omegacsd_FEYKUP,4.18777,4.30772,0.11994999999999933
Neutral_jobs/astex_1lrh,1.31432,1.43293,0.1186100000000001
Neutral_jobs/omegacsd_SADXIE,2.23341,2.3503,0.11688999999999972
Neutral_jobs/omegacsd_YAGWOS,2.74586,2.86081,0.11494999999999989
Neutral_jobs/omegacsd_FACCER10,3.10598,3.22065,0.11466999999999983
CHG_jobs/omegacsd_CMPEPI,7.03565,7.14978,0.1141299999999994
Neutral_jobs/omegacsd_DIGSIV,1.47899,1.58917,0.11017999999999994
Neutral_jobs/omegacsd_HAVJET,5.98139,6.0913,0.10991000000000017
Neutral_jobs/omegapdb_2i0a,5.1995,5.3083,0.10880000000000045
Neutral_jobs/omegacsd_SISYIC,7.39567,7.50181,0.1061399999999999
Neutral_jobs/omegacsd_DUMTAG,5.79516,5.90063,0.10546999999999951
Neutral_jobs/omegacsd_CLPSAM,5.1315,5.23492,0.10341999999999985
Neutral_jobs/omegacsd_HASCOT,5.57578,5.67777,0.1019899999999998
Neutral_jobs/omegacsd_TAPSOS,1.78913,1.88946,0.10032999999999981
Neutral_jobs/omegacsd_SEMDET,2.67389,2.77228,0.09838999999999976
Neutral_jobs/omegacsd_TECSUP,2.8123,2.91052,0.09821999999999997
Neutral_jobs/omegacsd_BATXID,4.6838,4.7808,0.09700000000000042
Neutral_jobs/omegacsd_HEMXIG,3.84968,3.94398,0.0942999999999996
CHG_jobs/omegacsd_FOPMIG,8.387,8.481,0.09399999999999942
Neutral_jobs/omegacsd_CAFGIZ,3.4361,3.52759,0.09148999999999985
Neutral_jobs/omegacsd_YUKNAT,5.35938,5.44589,0.08651000000000053
Neutral_jobs/omegacsd_COFHIO10,4.00242,4.08765,0.08523000000000014
Neutral_jobs/omegacsd_ANTZOA,1.57531,1.6588,0.08349000000000006
Neutral_jobs/omegacsd_PMCPRC10,3.82171,3.90468,0.08296999999999999
Neutral_jobs/omegacsd_VENRUB,2.84028,2.92306,0.08278000000000008
Neutral_jobs/omegacsd_CIPXEE,3.43585,3.51696,0.08111000000000024
Neutral_jobs/omegacsd_JOXFIL,2.4291,2.50652,0.07742000000000004
Neutral_jobs/omegacsd_JUHHEZ,2.68365,2.75688,0.07323000000000013
Neutral_jobs/omegacsd_FECPUY,5.71615,5.78674,0.07059000000000015
Neutral_jobs/omegacsd_CARNID,4.84643,4.91662,0.0701900000000002
Neutral_jobs/omegacsd_BTHYDX,5.76973,5.83941,0.06967999999999996
Neutral_jobs/omegacsd_CETZOQ,3.69198,3.7589,0.06692000000000009
Neutral_jobs/omegacsd_FEFPOV,2.82754,2.89397,0.06642999999999999
Neutral_jobs/omegacsd_PMPBTZ,1.98572,2.05192,0.06620000000000004
Neutral_jobs/omegapdb_2hb1,1.50754,1.57259,0.06504999999999983
Neutral_jobs/omegacsd_HEKROE,2.91903,2.98279,0.06376000000000026
Neutral_jobs/omegacsd_CPIPLA,4.09648,4.15045,0.05397000000000052
Neutral_jobs/omegacsd_CBZHYX,5.26697,5.31799,0.05102000000000029
Neutral_jobs/omegapdb_1toj,1.41641,1.46142,0.045009999999999994
CHG_jobs/omegacsd_JUBJOF,9.99711,10.04106,0.0439500000000006
Neutral_jobs/omegacsd_FOJZUZ,2.29375,2.33397,0.0402199999999997
Neutral_jobs/omegacsd_LAWJEY,2.32626,2.36306,0.036799999999999944
Neutral_jobs/astex_1q4g,1.26891,1.30527,0.03635999999999995
Neutral_jobs/omegacsd_SEYMIS,2.2907,2.32672,0.03601999999999972
Neutral_jobs/omegacsd_HEMWUR,5.00772,5.04203,0.03430999999999962
Neutral_jobs/omegacsd_BEWLIY10,3.00825,3.04021,0.03196000000000021
Neutral_jobs/omegacsd_EMZPPO,4.01177,4.0432,0.0314299999999994
CHG_jobs/astex_1j3j,11.07567,11.10679,0.031119999999999592
Neutral_jobs/omegacsd_FOWPOW,5.01734,5.04613,0.02878999999999987
Neutral_jobs/omegacsd_DIWWUB,5.88591,5.91385,0.027940000000000076
Neutral_jobs/omegacsd_LETBUH,1.73025,1.75749,0.02723999999999993
Neutral_jobs/omegacsd_HEXFEV,2.83212,2.85916,0.027039999999999953
Neutral_jobs/omegacsd_CELXOG,1.16543,1.18731,0.02188000000000012
Neutral_jobs/omegapdb_1k2t,2.34539,2.36631,0.020919999999999828
Neutral_jobs/omegacsd_DENDAC,4.48776,4.49864,0.010880000000000223
CHG_jobs/omegacsd_DIZWAK,9.70794,9.71606,0.008119999999999905
Neutral_jobs/omegacsd_BEWLOE10,1.10045,1.10586,0.005410000000000137
Neutral_jobs/omegacsd_WESZOJ,1.08456,1.08765,0.003090000000000037
Neutral_jobs/omegapdb_1w5v,1.22869,1.22869,0.0
Neutral_jobs/omegapdb_1lww,3.23783,3.23783,0.0
Neutral_jobs/omegacsd_PEXFED,3.80072,3.80072,0.0
Neutral_jobs/omegacsd_CDBMPI10,1.89002,1.89002,0.0
Neutral_jobs/astex_1w1p,1.34547,1.34547,0.0
Neutral_jobs/astex_1u4d,6.33365,6.33365,0.0
Neutral_jobs/astex_1q41,1.51724,1.51724,0.0
